resolution,iterations,loss,triangles,surface_cells,crease_cells,f1,normals_off,volume_error,seconds
16,0,,3216,0.18018051244340144,0.3481027564913158,0.09260459508938186,67.842,-19.894727037751704,4.130582999961916
16,25,0.000660592457279563,3216,0.18652314294275457,0.40118352108962235,0.14671150799591698,73.046,-19.56289913868707,13.389386242500041
16,50,0.0003498093574307859,3208,0.166405598651344,0.40272499454268584,0.17835418345645848,74.61,-16.73332921182822,26.778772485000083
16,75,0.00026289327070116997,3204,0.15807804306739218,0.42966892775352933,0.17142726706266018,75.51400000000001,-15.345397962227652,40.16815872750012
16,100,0.00020797207253053784,3180,0.15758689767380346,0.4335907836816935,0.18489854438413134,77.158,-14.76567202840087,53.557544970000166
16,125,0.00017638938152231276,3184,0.1450879739846507,0.4173964555138309,0.2021467114624506,76.12299999999999,-13.264927165824624,66.9469312125002
16,150,0.00012059359869454056,3184,0.13420059017236352,0.40424919969076767,0.2212117954622418,75.494,-11.928119406894476,80.33631745500024
16,175,0.00012846388563048095,3176,0.12837939991742733,0.3830148756040874,0.23296747126436781,75.364,-11.145391740906984,93.72570369750028
16,200,0.00010035501327365637,3176,0.12229330556466395,0.37010398713550824,0.24401632748346405,75.364,-10.396793208523015,107.11508994000033
16,225,0.0001055504399118945,3176,0.11588149332173094,0.3662710840284595,0.252638930231638,75.062,-9.729421105476257,120.50447618250037
16,250,9.463612514082342e-05,3176,0.11323833327638182,0.35592358265494745,0.2581683999380421,75.327,-9.38982560627925,133.8938624250004
16,275,8.79769359016791e-05,3176,0.10938515370651485,0.3476478336484705,0.2668522333551831,75.045,-8.976952662631948,147.28324866750046
16,300,8.066814916674048e-05,3172,0.1062122111558217,0.33114965116327455,0.27371472875011416,74.86,-8.599729762576212,160.67263491000048
16,325,7.46330915717408e-05,3172,0.10324088126220697,0.33022944653517666,0.2813374458105323,74.70700000000001,-8.282119883449077,174.06202115250053
16,350,8.754653390496969e-05,3172,0.10056402149940404,0.3269545603491361,0.2910122742888553,74.167,-7.993682495536399,187.45140739500056
16,375,7.401469338219613e-05,3172,0.09782909915293297,0.31715077855988266,0.3024709302133426,73.56899999999999,-7.651587346419521,200.8407936375006
16,400,6.378636317094788e-05,3172,0.09601834176545304,0.31503183217370223,0.310826111120045,72.841,-7.439207587424272,214.23017988000066
16,425,6.401370046660304e-05,3172,0.09385020992315651,0.3099214861884766,0.3194899278661848,72.137,-7.24021361089681,227.6195661225007
16,450,7.557932258350775e-05,3176,0.09371349394800844,0.30214410832242755,0.32486114547748746,71.72,-7.191175634474703,241.00895236500074
16,475,6.120569014456123e-05,3176,0.0908129266792634,0.29442668697360186,0.33414408474094465,70.884,-6.901077858506787,254.39833860750076
16,500,6.816592940595001e-05,3176,0.08916505661463096,0.2902423120816781,0.34008025930880387,70.409,-6.754135975830106,267.7877248500008
16,525,6.282465619733557e-05,3172,0.08852630833538784,0.2856813582269523,0.3484663724913569,69.826,-6.652246740758854,281.17711109250087
16,550,5.8064084441866726e-05,3172,0.08707074794152574,0.2816014979174872,0.3542368356431172,69.395,-6.515378145632266,294.5664973350009
16,575,5.321767821442336e-05,3176,0.0856375061113615,0.2805263205513909,0.36361344038715354,68.607,-6.353190618501738,307.9558835775009
16,600,5.403765680966899e-05,3176,0.08558127735222654,0.28045523671964473,0.3709655648845702,68.148,-6.317301919635555,321.34526982000096
16,625,5.0791873945854604e-05,3176,0.08368667359772983,0.27902446252892926,0.3779930805248399,67.316,-6.110394334228759,334.734656062501
16,650,6.371014751493931e-05,3172,0.08311159851199472,0.2750956284991282,0.38448040831718705,66.874,-6.046681645134624,348.12404230500107
16,675,5.990829595248215e-05,3176,0.08249350615275224,0.2716294670459097,0.39197797221974207,66.392,-5.944290299156754,361.5134285475011
16,700,4.9298734666081145e-05,3176,0.08080907537127413,0.2702320069602835,0.4018852751654476,65.57300000000001,-5.783155830786168,374.9028147900011
16,725,4.7511821321677417e-05,3176,0.08012320386296075,0.2692141239762069,0.4082313771692406,65.169,-5.674823545900717,388.29220103250117
16,750,6.59222569083795e-05,3180,0.08354827759328597,0.2713407591237148,0.4063961238574434,65.65299999999999,-5.891129529407765,401.6815872750012
16,775,5.027091901865788e-05,3180,0.08141294743017051,0.27032883903424787,0.4114861601642711,65.13600000000001,-5.77005446221454,415.0709735175013
16,800,4.868699761573225e-05,3176,0.07976585006518384,0.26862572272501417,0.41875079097866447,64.581,-5.580368715399224,428.4603597600013
16,825,4.395287760416977e-05,3176,0.07883983325002879,0.267841827693681,0.4248519862078704,64.102,-5.463400917721692,441.8497460025013
16,850,5.183983739698306e-05,3180,0.07848811439070565,0.2663694581234332,0.4321647988246455,63.696,-5.394051797777092,455.2391322450014
16,875,4.2725452658487484e-05,3180,0.07756581817570041,0.26493757097269843,0.4355728411725547,63.211,-5.328734769053567,468.6285184875014
16,900,4.3917760194744915e-05,3176,0.07716797025009904,0.264687496291071,0.43983023050693343,62.624,-5.278811617924715,482.0179047300015
16,925,4.389505920698866e-05,3184,0.07622651703672355,0.2618071050279945,0.4442681911278162,62.511,-5.1519252873043735,495.4072909725015
16,950,4.113476461498067e-05,3180,0.075878054973262,0.26220697270748544,0.45245091764913875,62.102999999999994,-5.107892191248343,508.7966772150015
16,975,3.962256960221566e-05,3176,0.07570062435927721,0.2610062419821307,0.4565703954183594,61.855000000000004,-5.05064769287967,522.1860634575016
16,1000,4.023896690341644e-05,3180,0.07508199936760059,0.2603361683076808,0.46217220890485056,61.387,-4.988123492094495,535.5754497000016
32,0,,11568,0.20990325609619087,0.5394047546914978,0.2956566611520021,38.243,-10.618209106306026,3.137385300011374
32,25,0.0001417409221176058,11568,0.15228093147762525,0.9430958224102729,0.320850143244169,41.964,-7.789257896362374,18.074387345000286
32,50,4.83384974359069e-05,11568,0.12857799822848465,0.7034427889434971,0.35904476973821553,39.45,-6.4409918579131205,36.14877469000057
32,75,6.313285848591477e-05,11568,0.11467148033803777,1.0179406525074228,0.39587225086474614,37.913000000000004,-5.573147112958709,54.22316203500086
32,100,4.5179931476013735e-05,11568,0.10655663245340156,0.8413170220174172,0.44491562741486207,36.489,-5.056697405497096,72.29754938000114
32,125,3.857835690723732e-05,11568,0.09943117443733579,0.7949893951502929,0.508606611375339,36.028999999999996,-4.558208008281287,90.37193672500143
32,150,3.883552199113183e-05,11568,0.09433650934986501,0.9898434687958596,0.5482469312400854,35.778,-4.22843137125566,108.44632407000172
32,175,3.43450483342167e-05,11580,0.09104142714998294,0.917962556929776,0.571682039588725,35.64,-4.00414197322638,126.52071141500201
32,200,3.155527519993484e-05,11568,0.08819157548817867,0.9636069921607805,0.6013332065434233,34.954,-3.800196763565325,144.5950987600023
32,225,3.0979004804976285e-05,11568,0.08547844010753833,0.9203317826565883,0.6275192359711657,34.241,-3.628921337237626,162.6694861050026
32,250,3.0775430786889046e-05,11568,0.0830983103392646,0.9338658084167929,0.6510244429771355,33.302,-3.4724759469748725,180.74387345000287
32,275,2.885230423999019e-05,11572,0.08112693944040075,0.9186118845431273,0.6665735141012471,32.618,-3.3427244775291696,198.81826079500314
32,300,2.8289336114539765e-05,11568,0.07993333105677748,0.9867341996848049,0.6765032898392246,32.202,-3.248562137260737,216.89264814000344
32,325,2.803333154588472e-05,11568,0.07817466797559527,0.962888112839897,0.6858261646331686,31.599,-3.138360573931793,234.96703548500372
32,350,2.8387266866047867e-05,11568,0.07682728830509328,0.9896174280932177,0.6950024188722669,30.745,-3.0515240850715575,253.04142283000402
32,375,2.7688649424817413e-05,11568,0.07498437010434263,1.048436556289602,0.7061504809298639,30.239,-2.947476583377799,271.1158101750043
32,400,2.652957664395217e-05,11568,0.0731872229303363,1.040536915774933,0.7168481463247958,29.693,-2.84607192976385,289.1901975200046
32,425,2.6781130145536736e-05,11568,0.07186677940051266,0.9956208114789284,0.7246470602032299,29.439,-2.7573347250784055,307.26458486500485
32,450,2.6995137886842713e-05,11568,0.0703306410320203,0.9984848767333213,0.735765571513982,29.115999999999996,-2.670922009270536,325.3389722100052
32,475,2.571139339124784e-05,11568,0.06909768115573199,1.0366313942958647,0.7441115745487037,28.891,-2.5844310582735024,343.41335955500546
32,500,2.538742592150811e-05,11568,0.06749333039592968,0.9933140545750746,0.754196470845568,28.59,-2.5008955557005126,361.48774690000573
32,525,2.4280081561300904e-05,11568,0.0665436842942298,1.00571748044505,0.7627050872075876,28.305999999999997,-2.4274185768863132,379.562134245006
32,550,2.4495097022736445e-05,11568,0.06538518038880879,1.0107979558205344,0.7702786229231569,28.134999999999998,-2.359281596346491,397.6365215900063
32,575,2.4599137759651057e-05,11568,0.06442808065162003,1.0095973496058734,0.7766736274105923,27.848,-2.2964552342525706,415.7109089350066
32,600,2.2839622033643536e-05,11568,0.06345067566789127,1.02013766075611,0.7827828258120553,27.493000000000002,-2.2436768859680476,433.7852962800069
32,625,2.207474062743131e-05,11568,0.06271935264256641,1.075728775269783,0.7883350987716172,27.309,-2.193807432825008,451.85968362500716
32,650,2.1255886167637073e-05,11572,0.06178648557991858,1.066009120152594,0.7945490783247758,27.046999999999997,-2.1428633756121864,469.93407097000744
32,675,2.2032687411410734e-05,11568,0.06120712659897661,1.073507319879646,0.7986401616295666,26.8,-2.1096144189354016,488.0084583150077
32,700,2.1756397472927347e-05,11568,0.06060164019617632,1.075061937643896,0.8024529503018523,26.532,-2.073033185199987,506.08284566000805
32,725,2.2725640519638546e-05,11568,0.059934215198034546,1.0701535244017348,0.8059326095802887,26.441,-2.040361424498706,524.1572330050083
32,750,2.041537118202541e-05,11568,0.05927360790827193,1.0673982838443177,0.8096073791395737,26.378,-2.0062150010332274,542.2316203500086
32,775,1.951851481862832e-05,11568,0.05858358795198828,1.0482059361516527,0.8136151244600381,25.964,-1.9637176452731822,560.3060076950089
32,800,2.0575340386130847e-05,11568,0.057937762054537933,1.0493394981084565,0.8186919509275883,25.728,-1.921295018164154,578.3803950400091
32,825,1.967012940440327e-05,11568,0.057176769011255756,1.0529830431159335,0.8225544857262678,25.568999999999996,-1.8893490278272125,596.4547823850095
32,850,2.1834626750205643e-05,11568,0.05702501643742455,1.057847904065735,0.8245105464908292,25.342,-1.8670920650708032,614.5291697300097
32,875,1.9669609173433855e-05,11568,0.05686855751242593,1.0872784255751742,0.8243775613424382,25.333,-1.8548727741779092,632.60355707501
32,900,1.9143737517879345e-05,11568,0.05630153319889486,1.097639043746725,0.8271563886370503,25.272,-1.8259827697202067,650.6779444200104
32,925,1.8451755749993026e-05,11568,0.05566959306108129,1.0886131546666478,0.8308335117246027,24.93,-1.7963923704424722,668.7523317650106
32,950,1.7522201233077794e-05,11568,0.055237690841068963,1.078481359024836,0.8336217625821619,24.665,-1.7690391648746604,686.8267191100109
32,975,1.7285112335230224e-05,11568,0.054783025130792376,1.0842662383352573,0.8369489495125682,24.556,-1.7368157604614742,704.9011064550111
32,1000,1.7887261492433026e-05,11568,0.05430774380087199,1.0539039433224648,0.8399623666448427,24.391,-1.705915366653223,722.9754938000115
